Hannah,Delgado,Hannah@Delgado.com,5f4dcc3b5aa765d61d8327deb882cf99,0
Chloe,Hilton,Chloe@Hilton.com,5f4dcc3b5aa765d61d8327deb882cf99,0
Olivia,Roberts,Olivia@Roberts.com,5f4dcc3b5aa765d61d8327deb882cf99,0
Rebecca,Bull,Rebecca@Bull.com,5f4dcc3b5aa765d61d8327deb882cf99,0
Bethany,Harrison,Bethany@Harrison.com,5f4dcc3b5aa765d61d8327deb882cf99,0
Anna,Paul,Anna@Paul.com,5f4dcc3b5aa765d61d8327deb882cf99,0
Leah,Luna,Leah@Luna.com,5f4dcc3b5aa765d61d8327deb882cf99,0
Abigail,Lee,Abigail@Lee.com,5f4dcc3b5aa765d61d8327deb882cf99,0
Elizabeth,Clarke,Elizabeth@Clarke.com,5f4dcc3b5aa765d61d8327deb882cf99,0
Sarah,Sandoval,Sarah@Sandoval.com,5f4dcc3b5aa765d61d8327deb882cf99,0
Amber,Haynes,Amber@Haynes.com,5f4dcc3b5aa765d61d8327deb882cf99,0
Rachel,Kennedy,Rachel@Kennedy.com,5f4dcc3b5aa765d61d8327deb882cf99,0
Grace,Simon,Grace@Simon.com,5f4dcc3b5aa765d61d8327deb882cf99,0
Phoebe,Patterson,Phoebe@Patterson.com,5f4dcc3b5aa765d61d8327deb882cf99,0
Zoe,Owen,Zoe@Owen.com,5f4dcc3b5aa765d61d8327deb882cf99,0
James,Marshall,James@Marshall.com,5f4dcc3b5aa765d61d8327deb882cf99,0
Joshua,Holt,Joshua@Holt.com,5f4dcc3b5aa765d61d8327deb882cf99,0
Daniel,Curtis,Daniel@Curtis.com,5f4dcc3b5aa765d61d8327deb882cf99,0
Matthew,Fuller,Matthew@Fuller.com,5f4dcc3b5aa765d61d8327deb882cf99,0
Joseph,Rosales,Joseph@Rosales.com,5f4dcc3b5aa765d61d8327deb882cf99,0
Samuel,Payne,Samuel@Payne.com,5f4dcc3b5aa765d61d8327deb882cf99,0
Thomas,Fox,Thomas@Fox.com,5f4dcc3b5aa765d61d8327deb882cf99,0
Luke,Riley,Luke@Riley.com,5f4dcc3b5aa765d61d8327deb882cf99,0
Benjamin,Tran,Benjamin@Tran.com,5f4dcc3b5aa765d61d8327deb882cf99,0
Adam,Martin,Adam@Martin.com,5f4dcc3b5aa765d61d8327deb882cf99,0
Alexander,Faulkner,Alexander@Faulkner.com,5f4dcc3b5aa765d61d8327deb882cf99,0
Nathan,Vargas,Nathan@Vargas.com,5f4dcc3b5aa765d61d8327deb882cf99,0
David,Daniel,David@Daniel.com,5f4dcc3b5aa765d61d8327deb882cf99,0
Aaron,Carr,Aaron@Carr.com,5f4dcc3b5aa765d61d8327deb882cf99,0
Andrew,Burton,Andrew@Burton.com,5f4dcc3b5aa765d61d8327deb882cf99,1